VERSION,DBNAME
15.0,psae-int-dev
15.0,psae-golden-maya
16.0,psae-purex
15.0,psae-Rawafed-general-contracting
15.0,psae-tharaa-al-barakat
15.0,psae-yokohama
15.0,psae-piccolo
15.0,psae-mqsorh
15.0,psae-patina
15.0,psae-afaqfoods
15.0,psae-success-aviation-services
16.0,alfaytri
14.0,psae-qortuba_furniture
15.0,psae-progress-security-and-safety
16.0,psae-alsweer
16.0,rak-real-estate
13.0,psae-partyzone
15.0,psae-3bees
14.0,psae-maastrak
15.0,psae-mafco
15.0,psae-somsco
16.0,psae-qyem-holding
15.0,psae-smsfa
15.0,psae-volt-automation
15.0,psae-sharing-is-caring
16.0,psae-akg-media
15.0,psae-falla
15.0,psae-ttc
15.0,psae-endless-creations
14.0,psae-ain-al-khaleij
16.0,psae-three-lines
15.0,psae-ansaaj
15.0,psae-demo
16.0,psae-mms-global-fzco
16.0,psae-jodlu
16.0,psae-projx
15.0,psae-coffee-complex
14.0,psae-mdlbeast
16.0,psae-bahseen
15.0,psae-el-aashry-institution
15.0,psae-maven
16.0,psae-so-fresh
16.0,psae-tie-egypt
15.0,psae-techno-oils
16.0,psae-gze
16.0,psae-al-taawin-investment
16.0,psae-wheel-sun-tyre-trading
15.0,eg-l10n
14.0,psae-mtm-marine
16.0,psae-qyem-16-0
15.0,psae-cepco
15.0,psae-qplastics
16.0,psae-fraimage-novelties-trading
16.0,psae-verde
16.0,psae-mansorah
15.0,psae-perfect-business
15.0,psae-fze
16.0,psae-nour-global
15.0,psae-crop1
16.0,psae-epf
16.0,psae-alhadaya-mall
saas-16.1,psae-direct-fresh
16.0,psae-skps
16.0,psae-golden-doctors
15.0,psae-katin
16.0,psae-alsayad
16.0,psae-k4-trading-and-contracting
15.0,psae-tag-middleeast
16.0,psae-tagme
16.0,psae-alanjari-group
15.0,psae-gbm-distribution
16.0,psae-star-healthcare-solutions
16.0,JES-IMP
16.0,psae-aqsamed2
16.0,psae-yasmine-palace
16.0,psae-palms-sports
saas-16.2,psae-cupcake-queen
saas-16.2,psae-al-ghafa-picnic
14.0,psae-Bestun-Group
16.0,psae-novara-trading
16.0,psae-ecoclean
16.0,psae-silver-yacht
16.0,psae-mtm-qatar
16.0,psae-al-majra-al-arabi
15.0,psae-dsv-solutions
16.0,psae-radhwa
16.0,psae-linkviva
16.0,psae-comeanddo
16.0,psae-auto-land-motors
saas-16.3,psae-custom
16.0,psae-emad-carton
16.0,psae-l10n-ae
16.0,psae-abdelaziz-advocates-legal-consultants
16.0,psae-armored-group
16.0,psae-ibex-manpower
16.0,psae-adahi
16.0,psae-polytextile
16.0,psae-maisonaire-furnitures-trading-llc
17.0,psae-electra-abudhabi
16.0,play-cards
16.0,psae-asl
15.0,psae-taqeef_refrigeration
16.0,psae-estechtab-plastics
16.0,psae-abdul-noor-alrais-group
16.0,psae-the-wood-factory
16.0,psae-gadeer-ashoor
16.0,pase-depack-for-advanced-packages
17.0,psae-etlad
16.0,psae-elite-cars
17.0,psae-4w-company
16.0,psae-madi-group
16.0,psae-g11
17.0,psae-nailed-salon
17.0,psae-dfc
17.0,psae-matc
16.0,psae-mehran
17.0,psae-musk
17.0,psae-dots-arabia
17.0,psae-taiba-factory
16.0,psae-santa-monica-salon
17.0,psae-electra
17.0,liwain-portal
